tokens,loc,abstract_keyword,assert_keyword,boolean_keyword,break_keyword,byte_keyword,case_keyword,catch_keyword,char_keyword,class_keyword,continue_keyword,default_keyword,do_keyword,double_keyword,else_keyword,enum_keyword,exports_keyword,extends_keyword,final_keyword,finally_keyword,float_keyword,for_keyword,if_keyword,implements_keyword,import_keyword,instanceof_keyword,int_keyword,interface_keyword,long_keyword,modules_keyword,native_keyword,new_keyword,package_keyword,private_keyword,protected_keyword,public_keyword,requires_keyword,return_keyword,short_keyword,static_keyword,strictfp_keyword,super_keyword,switch_keyword,synchronized_keyword,this_keyword,throw_keyword,throws_keyword,transient_keyword,try_keyword,void_keyword,volatile_keyword,while_keyword,true_keyword,null_keyword,false_keyword,const_keyword,goto_keyword,keywordcount,klass,project
conn setRequestMethod  FileStatus should still have snapshot enabled bit set getHdfsConf  Create some snapshots snap-01 HadoopUsersConfTestHelper createHttpFSServer snap-02  FileStatus should have snapshot enabled bit set so far pathString delete path  Clean up Assert HttpURLConnection deleteSnapshot assertTrue FileSystem get getFileStatus createSnapshot isSnapshotEnabled getJettyURL connect assertNotEquals  Create a test directory testDisallowSnapshotException allowSnapshot MessageFormat TestHdfsHelper openConnection toUri format  Should not return HTTP_OK getHadoopUsers url PUT /tmp/tmp-snap-disallow-exception-test createDirWithHttp dfs  Allow snapshot TestJettyHelper  Send a request with DISALLOWSNAPSHOT API 700 /webhdfs/v1{0}?user.name={1}&op=DISALLOWSNAPSHOT getResponseCode user ,33,0,3,0,0,0,0,0,0,0,0,0,2,0,0,0,0,0,0,0,0,1,0,0,0,0,0,0,0,0,0,2,0,0,0,1,0,1,0,0,0,0,0,0,0,1,1,0,0,1,0,0,1,1,2,0,0,17,Flakey,hadoop
TEST_ATTEMPT_DIR_NAME jsonFactory resultDomain testParseDomain parseForStore getTdmWithMemStore getOwner fs getDescription PluginStoreTestUtils assertNotNull getUserName getTestRootPath TEST_DOMAIN_FILE_NAME UserGroupInformation  Verify domain data domainLogInfo domain_1 getReaders assertEquals  Load test data getLoginUser testDomain getDomain tdm objMapper config ,13,0,4,0,0,0,0,0,0,0,0,0,4,0,0,0,0,0,0,0,0,2,1,0,0,0,0,0,0,0,0,1,0,0,0,1,0,0,0,0,0,0,0,0,0,1,1,0,0,1,0,0,1,0,0,0,0,17,Flakey,hadoop
";  serverPort URI http://localhost: assertTrue clusters/cluster1/apps/app1/entities/app?isrelatedto= assertNotNull client create MediaType Entity with id_1 should have been present in response. type1:tid1_2,type2:tid2_1%60 /ws/v2/timeline/ createClient app flow:flow1 type1:tid1_1:tid1_2,type2:tid2_1%60 resp newEntity getResponse JettyUtils destroy assertEquals getEntity uri /ws/v2/ contains size entities getType testGetEntitiesByRelations toString id_1 timeline/clusters/cluster1/apps/app1/entities/app?relatesto= ",32,0,12,0,0,0,0,0,0,0,0,0,0,0,0,0,0,0,1,1,0,0,0,0,0,0,0,0,0,0,0,6,0,0,0,1,0,0,0,0,0,0,0,0,0,1,1,0,1,1,0,0,0,0,0,0,0,25,Flakey,hadoop
" Validates if the snapshot is properly created under .snapshot folder conn testCreateSnapshot snapshotTestPreconditions reader createHttpFSServer getStatus result HttpURLConnection Assert assertTrue {""Path"":""/tmp/tmp-snap-test/.snapshot/snap-with-name""}  Validates if the content format is correct CREATESNAPSHOT assertEquals /tmp/tmp-snap-test/.snapshot readLine getInputStream PUT LISTSTATUS contains snapshotname=snap-with-name getResponseCode equals snap-with-name ",16,0,3,0,0,0,0,0,0,0,0,0,0,0,0,0,0,0,2,0,0,1,2,0,0,0,0,0,0,0,0,2,0,0,0,1,0,0,0,0,0,0,0,0,0,1,1,0,0,1,0,0,0,0,2,0,0,16,Flakey,hadoop
proc submitProcedure test restart assertFalse procId htu isFinished p assertTrue procExecutor getResult getProcedure isWaiting ProcedureTestingUtility waitFor isSuccess ,16,0,2,0,0,0,0,0,0,0,0,0,0,0,0,0,0,0,0,0,0,0,0,0,0,0,0,0,1,0,0,1,0,0,0,1,0,1,0,0,0,0,0,0,0,1,1,0,0,1,0,0,0,0,0,0,0,9,Flakey,hbase
getHdfsConf HadoopUsersConfTestHelper createHttpFSServer getStatus ezPath fs GETTRASHROOT Assert /tmp/foo array FileSystem get getPath create trashPath write close trashJson /tmp ezFile os TestHdfsHelper toUri  TestHdfsHelp has already set up EZ environment assertEquals getHadoopUsers expectedPath / testGetTrashRoot mkdirs user ,28,0,3,0,0,2,0,0,0,0,0,0,2,0,0,0,0,0,2,0,0,0,0,0,0,0,0,0,0,0,0,7,0,0,0,1,0,0,0,0,0,0,0,0,0,1,1,0,0,1,0,0,0,0,2,0,0,22,Flakey,hadoop
" testGetSnapshotDiffIllegalParam conn getHdfsConf createHttpFSServer delete path  Enable snapshot  Clean up Assert HttpURLConnection assertTrue FileSystem get getFileStatus  Snapshots snap1 and snap2 are not created, expect failures but not NPE isSnapshotEnabled sendRequestGetSnapshotDiff assertNotEquals /tmp/tmp-snap-diff-exc-test pathStr snap2  Create a test directory allowSnapshot TestHdfsHelper toUri createDirWithHttp snap1 dfs 700 getResponseCode ",27,0,5,0,0,0,0,0,0,0,0,0,0,0,0,0,0,0,0,0,0,0,6,0,0,0,0,0,0,0,0,1,0,0,0,1,0,0,0,0,0,0,0,0,0,1,1,0,0,1,0,0,1,1,2,0,0,20,Flakey,hadoop
createClient Status verifyHttpResponse timeline/clusters/cluster1/apps/app1/entities/app/id_10 destroy serverPort URI uri /ws/v2/ http://localhost: client create testGetEntityNotPresent ,10,0,0,0,0,0,0,0,0,0,0,0,0,0,0,0,0,0,1,1,0,0,1,0,0,0,0,0,0,0,0,0,0,0,0,1,0,0,0,0,0,0,0,0,0,1,1,0,1,1,0,0,0,0,0,0,0,8,Flakey,hadoop
whoami drwho getCurrentUsernameUnencoded RegistryUtils testUsernameExtractionEnvVarOverrride assertEquals ,5,0,1,0,0,0,0,0,0,0,0,0,0,0,0,0,0,0,0,0,0,0,0,0,0,0,0,0,0,0,0,0,0,0,0,1,0,0,0,0,0,0,0,0,0,1,1,0,1,1,0,0,0,0,0,0,0,6,Flakey,hadoop
scanForLogs getTdmWithMemStore getEntitiesReadToSummary mainTestAppDirPath assertEquals store PluginStoreTestUtils parseSummaryLogs scanned mainTestAppId appLogs verifyTestEntities beforeScan tdm AppState config value testParseSummaryLogs ,11,0,1,0,0,0,0,0,0,0,0,0,0,0,0,0,0,0,0,0,0,2,1,0,0,0,0,0,1,0,0,1,0,0,0,1,0,0,0,0,0,0,0,0,0,1,1,0,0,1,0,0,0,0,0,0,0,10,Flakey,hadoop
createClient Status verifyHttpResponse destroy serverPort URI uri /ws/v2/ timeline/clusters/cluster1/apps/app1/entities/app?flowrunid=a23b http://localhost: testInvalidValuesHandling clusters/cluster1/apps/app1/entities/app/id_1?flowrunid=2ab15 client create clusters/cluster1/apps/app1/entities/app?limit=#$561av /ws/v2/timeline/ ,14,0,0,0,0,0,0,0,0,0,0,0,0,0,0,0,0,0,1,1,0,0,3,0,0,0,0,0,0,0,0,0,0,0,0,1,0,0,0,0,0,0,0,0,0,1,1,0,1,1,0,0,0,0,0,0,0,10,Flakey,hadoop
"call h3#heading {  font-size: modular-scale(14px, 1, 1.618); } process task e shouldBeThreadSafe WroTestUtils runConcurrently processor ",16,0,0,0,0,0,0,1,0,0,0,0,0,0,0,0,0,0,2,0,0,0,0,0,0,0,0,0,0,0,0,4,0,0,0,2,0,1,0,0,0,0,0,0,0,2,1,0,1,1,0,0,0,1,0,0,0,16,Flakey,wro4j
"aclEntries getHdfsConf GETFILESTATUS aclBit createHttpFSServer dir getStatus /aclDirTest fs defSpec1 default:user:glarch:r-x  No ACLs, either  Assert assertTrue FileSystem get indexOf REMOVEDEFAULTACL assertNotEquals  getfilestatus and liststatus don't have 'aclBit' in their reply  TestHdfsHelper  4 Entries are default:(user|group|mask|other):perm   Remove the default ACL and re-verify  assertEquals GETACLSTATUS putCmd  Give it a default ACL and verify  contains size aclspec= mkdirs statusJson getAclEntries defUser1 SETACL testDirAcls ",48,0,7,0,0,0,0,0,0,0,0,7,1,0,0,0,0,0,3,0,0,0,3,0,0,0,0,0,0,0,0,1,0,0,0,1,0,0,0,0,0,0,0,0,0,2,2,0,0,1,0,0,0,1,2,0,0,31,Flakey,hadoop
getCurrentUser createTestFiles testGetEntityPluginRead fs delete allOf EntityGroupPlugInForTest createAndStartTimelineStore testActiveDirPath getAttemptDirName assertNotNull appId logFileName application_1501509265053_0001 attemotDirPath getEntityId AppState UserGroupInformation getShortUserName entityNew EnumSet getEntityType userBase assertEquals store getEntity stop userAppRoot EntityGroupFSTimelineStore toString fromString ApplicationId getStandardTimelineGroupId user entity ,23,0,3,0,0,0,0,0,0,1,0,0,0,0,0,0,0,0,1,1,0,1,1,0,0,0,0,0,0,0,0,3,0,0,0,1,0,0,0,0,0,0,0,0,0,1,1,0,1,1,0,0,1,2,0,0,0,19,Flakey,hadoop
delegationTokenCommonTests createHttpFSServer testDelegationTokenOperationsSsl ,8,0,0,0,0,0,0,0,0,0,0,0,0,0,0,0,0,0,0,0,0,0,0,0,0,0,0,0,0,0,0,0,0,0,0,1,0,0,0,0,0,0,0,0,0,1,1,0,0,1,0,0,3,0,0,0,0,7,Flakey,hadoop
read os TestHdfsHelper getHdfsConf foo conf is assertEquals fs getHdfsTestDir FileSystem get create close write open testHadoopFileSystem ,17,0,2,0,0,1,0,0,0,0,0,0,1,0,0,0,0,0,1,1,0,0,0,0,0,0,0,0,0,0,0,3,0,0,0,1,0,0,0,0,0,0,0,0,0,1,1,0,1,1,0,0,0,0,0,0,0,14,Flakey,hadoop
cancel server isCanceled hasMessage onFailure addConverterFactory onResponse assertTrue get await create cancelRequest SocketPolicy latch countDown failureRef set SECONDS setSocketPolicy getString assertThat url / call enqueue isTrue baseUrl retrofit t build service isInstanceOf Canceled ,26,0,3,0,0,0,0,0,0,2,0,0,0,0,0,0,0,0,2,0,0,0,0,0,0,0,0,0,0,0,0,7,0,0,0,3,0,0,0,0,0,0,0,0,0,2,1,0,0,3,0,0,0,0,0,0,0,23,Flakey,okhttp
;  =1425016502010 assertFalse createdtimestart=1425016502030&createdtimeend=1425016502060 serverPort URI http://localhost: 1425016502010 Entity with id_4 should have been present in response. assertTrue testGetEntitiesBasedOnCreatedTime assertNotNull client create MediaType /ws/v2/timeline/ createClient app id_4 resp newEntity getResponse JettyUtils clusters/cluster1/apps/app1/entities/app?createdtimeend Entity with id_4 should not have been present in response. destroy assertEquals getEntity uri /ws/v2/ contains size entities getType clusters/cluster1/apps/app1/entities/app?createdtimestart= timeline/clusters/cluster1/apps/app1/entities/app? toString ,32,0,12,0,0,0,0,0,0,0,0,0,0,0,0,0,0,0,1,1,0,0,0,0,0,0,0,0,0,0,0,6,0,0,0,1,0,0,0,0,0,0,0,0,0,1,1,0,1,1,0,0,0,0,0,0,0,25,Flakey,hadoop
;  serverPort URI http://localhost: assertTrue assertNotNull client create MediaType createClient app resp newEntity getResponse metricfilters=metric3%20ge%200 JettyUtils destroy assertEquals getEntity uri /ws/v2/  in response. contains size entities getType Entities with id_1 and id_2 should have been present timeline/clusters/cluster1/apps/app1/entities/app? toString id_1 testGetEntitiesByMetricFilters id_2 ,16,0,4,0,0,0,0,0,0,0,0,0,0,0,0,0,0,0,1,1,0,0,0,0,0,0,0,0,0,0,0,3,0,0,0,1,0,0,0,0,0,0,0,0,0,1,1,0,1,1,0,0,0,0,0,0,0,14,Flakey,hadoop
app1_group1 TEST_ATTEMPT_DIR_NAME  Match app2_group1 test_app1_group1 app1_group2 assertFalse app1_group1.dat getLoginUser  Check delimiters matchesGroupId testLogInfo app1_group12 assertTrue  Unmatch  Check file names shorter than group id testMatchesGroupId getUserName app1_group1_2 app2 testGroupId UserGroupInformation ,24,0,8,0,0,0,0,0,0,0,0,0,0,0,0,0,0,0,0,0,0,8,0,0,0,0,0,0,0,0,0,8,0,0,0,1,0,0,1,0,0,0,0,0,0,1,1,0,0,1,0,0,0,0,0,0,0,29,Flakey,hadoop
entities1 ;  entities2 testGetAppAttempt serverPort URI http://localhost: assertNotNull client create MediaType timeline/clusters/cluster1/apps/app1/entities/ createClient resp getResponse JettyUtils destroy assertEquals getEntity uri timeline/clusters/cluster1/apps/app1/appattempts/app-attempt-1 /ws/v2/ getType YARN_APPLICATION_ATTEMPT/app-attempt-1 toString ,21,0,5,0,0,0,0,0,0,0,0,0,0,0,0,0,0,0,1,1,0,0,0,0,0,0,0,0,0,0,0,2,0,0,0,1,0,0,0,0,0,0,0,0,0,1,1,0,1,1,0,0,0,0,0,0,0,14,Flakey,hadoop
joe checkTranslation oom@YAHOO.COM getRealm omalley KerberosTestUtils oom hdfs/10.0.0.1@ joe/admin@FOO.COM root testRules hdfs johndoe/zoo@FOO.COM guest omalley@ joe/root@FOO.COM ,9,0,0,0,0,0,0,0,0,0,0,0,1,0,0,0,0,0,0,0,0,0,0,0,0,0,0,0,0,0,0,0,0,0,0,1,0,0,0,0,0,0,0,0,0,1,1,0,0,1,0,0,0,0,0,0,0,5,Flakey,hadoop
isNotNull ReflectionTestUtils getText isNotSameAs shouldBeADifferentWebClient body tagName assertThat fail previousWebDriver findElement Hello get By Did not call quit() invokeMethod /html isEqualTo element getCurrentWindow ,13,0,2,0,0,0,0,1,0,0,0,0,2,0,0,0,0,0,0,0,0,0,1,0,0,0,0,0,0,0,0,0,0,0,0,1,0,0,0,0,0,0,0,0,3,0,0,0,1,1,0,0,0,0,0,0,0,12,Flakey,spring-boot
conn reader  The response should be a one-line JSON string. JsonUtil path getSnapshotDiffReport  Clean up Assert deleteSnapshot  Should return HTTP_OK FileSystem getFileStatus createSnapshot  Create another file and take a snapshot pathStr  Verify the content of diff with DFS API. toJsonString snap2 allowSnapshot TestHdfsHelper getInputStream createDirWithHttp snap1 dfs  Send a request with GETSNAPSHOTDIFF API dfsDiffReport getHdfsConf createHttpFSServer testGetSnapshotDiff delete result  Enable snapshot  Verify the response HttpURLConnection assertTrue get  Create a file and take a snapshot isSnapshotEnabled sendRequestGetSnapshotDiff  Create a test directory /file1 /file2 toUri assertEquals readLine createWithHttp /tmp/tmp-snap-diff-test 700 getResponseCode file2 file1 ,38,0,3,0,0,0,0,0,0,0,0,0,0,0,0,0,0,0,0,0,0,0,10,0,0,0,0,0,0,0,0,3,0,0,0,1,0,1,0,0,0,0,0,0,0,1,1,0,0,1,0,0,1,3,2,0,0,27,Flakey,hadoop
"value1 user.a1 createHttpFSServer testWithXAttrs dir getStatus fs path TestHttpFSServer FileSystem get create SETXATTR write close xattr.name= /noXAttr os nnConf REMOVEXATTR /file setXAttrParam putCmd startMiniDFS mkdirs  GETXATTRS, SETXATTR, REMOVEXATTR fail  name1 GETXATTRS ",24,0,0,0,0,2,0,0,0,0,0,0,0,0,0,0,0,0,4,0,0,0,0,0,0,0,0,0,0,0,0,3,0,0,0,1,0,0,0,0,0,0,0,0,0,1,1,0,0,1,0,0,0,0,0,0,0,13,Flakey,hadoop
;  getId serverPort URI http://localhost: assertNotNull client create MediaType createClient app resp getResponse JettyUtils destroy assertEquals getEntity uri /ws/v2/ timeline/clusters/cluster1/apps/app1/entities/app/id_1? getType toString userid=user1&flowname=flow1&flowrunid=1 testGetEntityWithUserAndFlowInfo id_1 getCreatedTime entity ,16,0,5,0,0,0,0,0,0,1,0,0,0,0,0,0,0,0,1,1,0,0,0,0,0,0,0,0,0,0,0,0,0,0,0,1,0,0,0,0,0,0,0,0,0,1,1,0,1,1,0,0,0,0,0,0,0,13,Flakey,hadoop
testDoneDirPath pathAfter mainTestAppDirPath store moveToDone getAppDirPath contains assertTrue mainTestAppId testMoveToDone appLogs toString pathBefore AppState assertNotEquals ,9,0,2,0,0,0,0,0,0,0,0,0,0,0,0,0,0,0,0,0,0,2,0,0,0,0,0,0,0,0,0,1,0,0,0,1,0,0,0,0,0,0,0,0,0,1,1,0,0,1,0,0,0,0,0,0,0,9,Flakey,hadoop
;  testGetEntitiesByConfigFilters serverPort URI http://localhost: Entity with id_3 should have been present in response. assertTrue assertNotNull client create MediaType createClient app resp newEntity getResponse JettyUtils destroy assertEquals getEntity conffilters=config_1%20eq%20123%20AND%20config_3%20eq%20abc uri /ws/v2/ contains size entities getType timeline/clusters/cluster1/apps/app1/entities/app? toString id_3 ,16,0,4,0,0,0,0,0,0,0,0,0,0,0,0,0,0,0,1,1,0,0,0,0,0,0,0,0,0,0,0,2,0,0,0,1,0,0,0,0,0,0,0,0,0,1,1,0,1,1,0,0,0,0,0,0,0,13,Flakey,hadoop
testGetEntitiesByInfoFilters ;  serverPort URI http://localhost: Entity with id_3 should have been present in response. assertTrue assertNotNull client create MediaType createClient app resp newEntity getResponse JettyUtils destroy assertEquals getEntity uri /ws/v2/ contains size entities getType timeline/clusters/cluster1/apps/app1/entities/app? toString infofilters=info2%20eq%203.5 id_3 ,16,0,4,0,0,0,0,0,0,0,0,0,0,0,0,0,0,0,1,1,0,0,0,0,0,0,0,0,0,0,0,2,0,0,0,1,0,0,0,0,0,0,0,0,0,1,1,0,1,1,0,0,0,0,0,0,0,13,Flakey,hadoop
";  getConfigs getMetrics getId serverPort URI  No events will be returned as events are not part of fields. getEvents http://localhost: assertTrue assertNotNull testGetEntityCustomFields client create MediaType fields=CONFIGS,Metrics,info createClient app  Includes UID. TimelineReaderUtils getInfo resp getResponse containsKey JettyUtils destroy assertEquals getEntity uri /ws/v2/ UID should be present timeline/clusters/cluster1/apps/app1/entities/app/id_1? size  Fields are case insensitive. getType toString id_1 entity ",23,0,9,0,0,0,1,0,0,1,0,0,0,0,0,0,0,0,1,1,0,0,0,0,0,0,0,0,0,0,0,0,0,0,0,1,0,1,0,0,0,0,0,0,0,1,1,0,1,1,0,0,0,0,0,0,0,19,Flakey,hadoop
timeline/clusters/cluster1/apps/app1/containers/container_2_2 entities1 ;  entities2 entities/YARN_CONTAINER/container_2_2 serverPort URI http://localhost: assertNotNull client create MediaType testGetContainer createClient resp getResponse JettyUtils destroy assertEquals getEntity uri /ws/v2/ timeline/clusters/cluster1/apps/app1/ getType toString ,21,0,5,0,0,0,0,0,0,0,0,0,0,0,0,0,0,0,1,1,0,0,0,0,0,0,0,0,0,0,0,2,0,0,0,1,0,0,0,0,0,0,0,0,0,1,1,0,1,1,0,0,0,0,0,0,0,14,Flakey,hadoop
setName  permissions should be as expected /tmp/notUnmaskedDir unmaskedDir theAcl getHdfsConf createHttpFSServer setAcl  the effective permission of the inherited ACL be NONE. aclStatus acl  its permissions. fs asList testMkdirWithUnmaskedPermissions getEffectivePermission FsAction findAclWithName Assert assertNotNull FileSystem get 777 setPermission /tmp /tmp/unmaskedDir user2  Create a folder with a default acl default:user2:rw- AclEntryScope TestHdfsHelper AclEntryType getAclStatus assertEquals setType createDirWithHttp build mkdirs 700 notUnmaskedDir setScope Arrays ,32,0,4,0,0,0,0,0,0,0,0,3,1,0,0,0,0,0,0,0,0,0,0,0,0,0,0,0,0,0,0,6,0,0,0,1,0,0,0,0,0,0,0,0,1,1,1,0,6,1,0,0,0,1,2,0,0,28,Flakey,hadoop
;  getConfigs getMetrics getId testGetEntityAllFields serverPort URI getEvents http://localhost: assertTrue assertNotNull client create MediaType createClient app  Includes UID. TimelineReaderUtils getInfo resp getResponse containsKey JettyUtils destroy assertEquals getEntity uri /ws/v2/ UID should be present timeline/clusters/cluster1/apps/app1/entities/app/id_1? size getType toString id_1 entity fields=ALL ,21,0,9,0,0,0,0,0,0,1,0,0,0,0,0,0,0,0,1,1,0,0,0,0,0,0,0,0,0,0,0,0,0,0,0,1,0,0,0,0,0,0,0,0,0,1,1,0,1,1,0,0,0,0,0,0,0,17,Flakey,hadoop
handler instance reScheduledExecutionTime OneTime TestTasks scheduler reschedule instanceId now executeDue schedulerFor ofMinutes scheduler_should_execute_rescheduled_task_when_exactly_due set oneTimeTaskInstance Duration is clock oneTime assertThat plus executionTime 1 schedule oneTimeTask ,19,0,3,0,0,0,0,0,0,1,0,0,0,0,0,0,0,0,0,0,0,0,0,0,0,0,0,0,0,0,0,0,0,0,0,1,0,0,0,0,0,0,0,0,0,0,0,0,0,1,0,0,0,0,0,0,0,6,Flakey,jackrabbit-oak
SELECT * FROM [oak:Unstructured] SQL2 trackEvery custom getLogs setThreshold is finished assertThat OrderedPropertyIndexProvider executeQuery executions nCopies OrderedIndex expectedLogs numTraces multipleQueryRuns Collections starting ,14,0,1,0,0,0,0,0,0,0,0,0,0,0,0,0,0,0,3,0,0,1,0,0,0,0,4,0,0,0,0,0,0,0,0,1,0,0,0,0,0,0,0,0,0,0,0,0,0,1,0,0,0,0,0,0,0,11,Flakey,jackrabbit-oak
"  Validates if the snapshot is properly created under .snapshot folder conn snapshotTestPreconditions reader createHttpFSServer getStatus result HttpURLConnection Assert assertTrue  Validates if the content format is correct (.+)(\""pathSuffix\"":\""s) (\d{8})(-)(\d{6})(\.)(\d{3})(\"")(.+) Pattern CREATESNAPSHOT testCreateSnapshotNoSnapshotName (\d{8})(-)(\d{6})(\.)(\d{3})(\""\}) assertEquals /tmp/tmp-snap-test/.snapshot readLine getInputStream matches PUT LISTSTATUS getResponseCode (\{\""Path\""\:\""/tmp/tmp-snap-test/.snapshot/s) ",16,0,3,0,0,0,0,0,0,0,0,0,0,0,0,0,0,0,2,0,0,1,2,0,0,0,0,0,0,0,0,2,0,0,0,1,0,0,0,0,0,0,0,0,0,1,1,0,0,1,0,0,0,0,2,0,0,16,Flakey,hadoop
setName  permissions should be as expected theAcl getHdfsConf unmaskedFile /tmp/unmasked createHttpFSServer setAcl  the effective permission of the inherited ACL be NONE. aclStatus acl  its permissions. fs asList getEffectivePermission FsAction notUnmaskedFile testCreateFileWithUnmaskedPermissions findAclWithName Assert assertNotNull FileSystem get 777 setPermission /tmp /tmp/notUnmasked user2  Create a folder with a default acl default:user2:rw- AclEntryScope TestHdfsHelper AclEntryType getAclStatus assertEquals setType createWithHttp build mkdirs 700 setScope Arrays ,32,0,4,0,0,0,0,0,0,0,0,3,1,0,0,0,0,0,0,0,0,0,0,0,0,0,0,0,0,0,0,6,0,0,0,1,0,0,0,0,0,0,0,0,1,1,1,0,6,1,0,0,0,0,2,0,0,27,Flakey,hadoop
delegationTokenCommonTests createHttpFSServer testDelegationTokenOperations ,8,0,0,0,0,0,0,0,0,0,0,0,0,0,0,0,0,0,0,0,0,0,0,0,0,0,0,0,0,0,0,0,0,0,0,1,0,0,0,0,0,0,0,0,0,1,1,0,0,1,0,0,1,0,2,0,0,7,Flakey,hadoop
server  Cancel the underlying HTTP Call. Should be reflected accurately back in the Retrofit Call. isCanceled hasMessage onFailure addConverterFactory onResponse assertTrue get await client create cancelOkHttpRequest SocketPolicy latch countDown dispatcher cancelAll failureRef set SECONDS setSocketPolicy getString assertThat url / call enqueue isTrue baseUrl retrofit t build service isInstanceOf Canceled ,28,0,3,0,0,0,0,0,0,2,0,0,0,0,0,0,0,0,2,0,0,0,0,0,0,0,0,0,0,0,0,8,0,0,0,3,0,0,0,0,0,0,0,0,0,2,1,0,0,3,0,0,0,0,0,0,0,24,Flakey,okhttp
snapshotname=snap-to-delete CREATESNAPSHOT conn snap-to-delete snapshotTestPreconditions assertFalse DELETESNAPSHOT createHttpFSServer assertEquals /tmp/tmp-snap-test/.snapshot getStatus PUT LISTSTATUS result DELETE contains HttpURLConnection Assert testDeleteSnapshot getResponseCode  Validates the snapshot is not under .snapshot folder anymore ,14,0,3,0,0,0,0,0,0,0,0,0,0,0,0,0,0,0,0,0,0,0,0,0,0,0,0,0,0,0,0,0,0,0,0,1,0,0,0,0,0,0,0,0,0,1,1,0,0,1,0,0,0,0,2,0,0,9,Flakey,hadoop
hi session assertFalse CLOSE MESSAGE-ECHO-hi connectToServer sendText getHostPort endpoint default DefaultServer /ws/ Assert getBasicRemote getHostAddress close quickMessage deployment testAnnotatedClientEndpoint assertEquals failed message OPEN assertNull : ws:// ,22,0,11,0,0,0,0,0,0,0,0,2,0,0,0,0,0,0,0,0,0,0,0,0,0,0,15,0,0,0,0,2,0,0,0,1,0,0,0,0,0,0,0,0,0,1,1,0,0,1,0,0,0,0,0,0,0,34,Flakey,undertow
call process task e  This should be called first time in multi-thread. runConcurrently shouldBeThreadSafeWhenInitializingProcessor processor $side: top;$radius: 10px;.rounded-#{$side} {border-#{$side}-radius: $radius;} ,24,0,0,0,0,0,0,1,0,0,0,0,0,0,0,0,0,0,3,0,0,0,0,0,0,0,0,0,0,0,0,5,0,0,0,2,0,1,0,0,0,0,0,0,0,2,1,0,1,1,0,0,0,1,0,0,0,18,Flakey,wro4j
conn snapshotTestPreconditions &snapshotname=snap-renamed assertFalse createHttpFSServer getStatus result snap-to-rename HttpURLConnection Assert oldsnapshotname=snap-to-rename assertTrue snapshotname=snap-to-rename CREATESNAPSHOT snap-renamed  Validates the snapshot is properly renamed under .snapshot folder assertEquals /tmp/tmp-snap-test/.snapshot PUT LISTSTATUS testRenameSnapshot contains RENAMESNAPSHOT  There should be no snapshot named snap-to-rename now getResponseCode ,16,0,4,0,0,0,0,0,0,0,0,0,0,0,0,0,0,0,0,0,0,0,0,0,0,0,0,0,0,0,0,0,0,0,0,1,0,0,0,0,0,0,0,0,0,1,1,0,0,1,0,0,0,0,2,0,0,10,Flakey,hadoop
hi Bob (protocol=foo) CLOSED session connectToServer getReasonPhrase getHostPort default DefaultServer Assert CloseReason Foo! getHostAddress testCloseReason AnnotatedClientEndpoint close getCode deployment MessageEndpoint getReason assertEquals message getCloseCode cr /ws/chat/Bob reset : ws:// ,11,0,4,0,0,0,0,0,0,1,0,2,0,0,0,0,0,0,0,0,0,0,0,0,0,0,5,0,0,0,0,2,0,0,0,1,0,0,0,0,0,0,0,0,0,1,1,0,0,1,0,0,0,0,0,0,0,18,Flakey,undertow
assertEquals System TestServerWebApp0 ServerWebApp getHomeDir /tmp/log setProperty .log.dir /tmplog TestServerWebApp0.home.dir TestServerWebApp0.log.dir /tmp getDir ,8,0,3,0,0,0,0,0,0,0,0,0,0,0,0,0,0,0,0,0,0,0,0,0,0,0,0,0,0,0,0,0,0,0,0,1,0,0,0,0,0,0,0,0,0,0,0,0,0,1,0,0,0,0,0,0,0,5,Flakey,hadoop
TEST_ATTEMPT_DIR_NAME  Load new data jsonFactory parseForStore  Verify for the first batch testParseEntity getTdmWithMemStore fs PluginStoreTestUtils allOf testLogInfo assertNotNull getUserName verifyTestEntities domain_id_1 getEntityId getStartTime getTestRootPath close UserGroupInformation type_3 entityNew EnumSet getEntityType assertEquals Failed to read out entity new  Load test data TEST_ENTITY_FILE_NAME writeEntitiesLeaveOpen getEntity getLoginUser createEntity entity3 addEntity entityList  Verify the newly added data tdm objMapper config id_3 ,20,0,2,0,0,0,0,0,0,1,0,0,1,0,0,0,0,0,0,0,0,3,3,0,0,0,0,0,0,0,0,6,0,0,0,1,0,0,0,0,0,0,0,0,0,1,1,0,0,1,0,0,2,4,0,0,0,26,Flakey,hadoop
" Should retain all logs after this run appDirEmpty irrelevant before irrelevantDirPath  Third application, one dir touched after creation hold empty holdByMe mainTestAppId 0000 create doneAppHomeDir cleanLogs dirsCleaned appDirClean testDoneDirPath attemptDirHoldByDir appDirHoldByFile  Touch the second application 001 1 _1 2 3 writeBytes attemptDirName  First application, untouched after creation test1.log  Irrelevant directory, should not be reclaimed getLogsDirsCleaned mkdirs  Irrelevant file, should not be reclaimed  Second application, one file touched after creation  Make sure the created dir is old enough assertFalse testCleanLogs irrelevant.log attemptDirEmpty fs sleep  Verification after the second cleaner call stream assertTrue  Touch the third application by creating a new dir filePathHold appDirHoldByDir  appDirClean and appDirEmpty should be cleaned up close value appDirName attemptDirHoldByFile  Fourth application, empty dirs dirPathHold filePath assertEquals ApplicationAttemptId store attemptDirClean Thread irrelevantFilePath exists toString test.log dirPathEmpty append ",69,0,14,0,0,0,0,0,0,0,0,0,6,0,0,0,0,0,0,0,0,2,1,0,0,0,0,0,1,0,0,18,0,0,0,1,0,0,0,0,0,0,0,0,1,1,1,0,0,1,0,0,0,0,0,0,0,47,Flakey,hadoop
"server getName getHdfsConf conf dir fs asList TestDirHelper Assert createHadoopConf /tmp/foo server.services StringUtils assertNotNull get server.hadoop.filesystem.cache.purge.timeout join hadoop getFileSystemConfiguration createFileSystem releaseFileSystem init set getAbsolutePath TestHdfsHelper getTestDir hadoopConf destroy services , CommonConfigurationKeysPublic 0 fail u mkdirs Arrays ",28,0,1,0,0,0,0,2,0,4,0,0,9,0,0,0,0,0,0,0,0,0,0,0,0,0,0,0,0,0,0,5,0,0,0,1,0,0,0,0,0,0,0,0,0,1,1,0,1,1,0,0,0,0,2,0,0,28,Flakey,hadoop
"value2 value1 getHdfsConf xAttrs  Remove another xattr, then there is no xattr user.a1 createHttpFSServer testXAttrs dir getStatus  Set two xattrs fs user.a2 assertArrayEquals path Assert FileSystem get /xattrTest SETXATTR xattr.name= TestHdfsHelper  Remove one xattr getXAttrs REMOVEXATTR assertEquals /file setXAttrParam putCmd createWithHttp size mkdirs statusJson name2 name1 GETXATTRS ",41,0,7,0,0,5,0,0,0,0,0,0,0,0,0,0,0,0,6,0,0,0,0,0,0,0,0,0,0,0,0,3,0,0,0,1,0,0,0,0,0,0,0,0,0,1,1,0,0,1,0,0,0,1,2,0,0,28,Flakey,hadoop
testKerberosRulesValid !KerberosName.hasRulesBeenSet() kerberosRule assertTrue LOG hasRulesBeenSet rules assertEquals KerberosName getRules info ,7,0,2,0,0,0,0,0,0,0,0,0,0,0,0,0,0,0,0,0,0,0,0,0,0,0,0,0,0,0,0,0,0,0,0,1,0,0,0,0,0,0,0,0,0,1,1,0,0,1,0,0,0,0,0,0,0,6,Flakey,hadoop
defaultRealm Default Realm '{}' assertNotEmpty LOG getDefaultRealm testDefaultRealmValid KerberosUtil No default Kerberos Realm info ,6,0,1,0,0,0,0,0,0,0,0,4,0,0,0,0,0,0,0,0,0,0,0,0,0,0,0,0,0,0,0,0,0,0,0,1,0,0,0,0,0,0,0,0,0,1,1,0,0,1,0,0,0,0,0,0,0,9,Flakey,hadoop
"aclEntries  getaclstatus works and returns no entries  GETFILESTATUS aclBit dir getStatus /test  Remove the first user acl entry and verify  path user:bar:r-- Assert aclspec=user::rwx, FileSystem  Remove all acls and verify  indexOf assertNotEquals  getfilestatus and liststatus don't have 'aclBit' in their reply  aclSpec ,other::--- TestHdfsHelper , user:foo: LISTSTATUS contains size aclspec= mkdirs statusJson  Modify acl entries to add another user acl        * Now set an ACL on the file.  (getfile|list)status have aclBit,      * and aclstatus has entries that looks familiar.       /aclFileTest testFileAcls getHdfsConf MODIFYACLENTRIES createHttpFSServer fs remAclUser1 aclUser2 aclUser1 assertTrue get REMOVEACL REMOVEACLENTRIES user:foo:rw- modAclSpec assertEquals GETACLSTATUS putCmd createWithHttp remAclSpec getAclEntries aclGroup1 SETACL group::r-- ",80,0,18,0,0,0,0,0,0,0,0,0,1,0,0,0,0,0,9,0,0,0,5,0,0,0,0,0,0,0,0,1,0,0,0,1,0,1,0,0,0,0,0,0,0,1,1,0,1,1,0,0,0,2,2,0,0,44,Flakey,hadoop
getHdfsConf GETFILESTATUS createHttpFSServer getStatus fs Assert /perm/p-777 /perm assertTrue 654 /perm/p-654 FileSystem get 755 777 testPerms TestHdfsHelper createWithHttp 321 mkdirs equals statusJson getPerms /perm/none /perm/p-321 ,26,0,4,0,0,0,0,0,0,0,0,0,0,0,0,0,0,0,0,0,0,0,2,0,0,0,0,0,0,0,0,1,0,0,0,1,0,0,0,0,0,0,0,0,0,1,1,0,0,1,0,0,0,1,2,0,0,14,Flakey,hadoop
conn getHdfsConf HadoopUsersConfTestHelper createHttpFSServer fs HttpURLConnection Assert /tmp/foo array FileSystem get testOpenOffsetLength create write close getJettyURL /tmp read os MessageFormat TestHdfsHelper /webhdfs/v1/tmp/foo?user.name={0}&op=open&offset=1&length=2 openConnection format assertEquals is getHadoopUsers getInputStream url TestJettyHelper mkdirs getResponseCode user ,21,0,4,0,0,2,0,0,0,0,0,0,2,0,0,0,0,0,0,0,0,1,0,0,0,0,0,0,0,0,0,4,0,0,0,1,0,0,0,0,0,0,0,0,0,1,1,0,0,1,0,0,0,0,2,0,0,19,Flakey,hadoop
"container isRelatedToValue cluster conn value2 value1 getRelatesToEntities conf type  scan the table and see that entity exists put setValues assertNotNull scanner id setCreatedTime config_param2 write config_param1 flow UserGroupInformation init convertApplicationIdToString  read the timeline entity using the reader this time  add the isRelatedToEntity info conf2 getRow c1 cluster_test_write_entity addEntity contains stop util size ColumnRWHelper getType HBaseTimelineSchemaUtils infoMap isRelatedTo isRelatedToEntry metrics MAP_SLOT_MILLIS ApplicationId  RelatesTo  Configuration getCreatedTime TimelineMetric  add metrics es1 getConfigs metricMap getMetrics getResultScanner cTime relates_to_entity_id_here result setMaxVersions world addMetrics assertTrue some_flow_name get infoColumns is_related_to_entity_id_here rowCount close key user1 m1 startRow createConnection addInfo flowVersion assertEquals getEntity e1  fromid key is added by storage. Remove it for comparision. relatesToEntry te Type subAppUser metric v currentTimeMillis id1 colCount  add some config entries toString metric2 testWriteEntityToHBase isRowKeyCorrect entity Separator ts AB7822C10F1111  add the info map in Timeline Entity configColumns reader getRowKeyPrefix matchMetrics  Remember isRelatedTo is of type Map<String, Set<String>>  verify attributes FROM_ID setIsRelatedToEntities setStartRow readResultsWithTimestamps setId  fromid key is added by storage. Remove it for comparison. runid verifySubApplicationTableEntities add cTime1 getKey row1 getInfo entrySet containsKey newInstance createRemoteUser type1 hbi EntityColumnPrefix task  id7?id9?id6 infoMap2  add the relatesTo info getEntities metricsResult infoMapValue1 stringKeyConverter isRelatedTo2 metricValues  check info column family  id3?id4?id5 compoundValue EntityColumn  verify for sub application table entities. getId System remove splitEncoded metrics2 Field ConnectionFactory getConfiguration isRelatedToValues of readResults relatesTo2 relatesTo value metricValues2 relatesToSet getValues appName EnumSet start isEmpty setType subAppUser1 getIsRelatedToEntities setRelatesToEntities Integer getValue isRelatedToSet relatesToValues build infoMapKey1 infoMapKey2 readResult relates_to_entity_id_here_Second user addConfigs ",178,0,34,0,0,2,0,0,0,0,0,0,0,0,0,0,0,0,1,1,0,11,5,0,0,0,2,0,2,0,0,29,0,0,0,1,0,0,0,0,0,0,0,0,1,1,1,0,13,1,0,0,0,17,0,0,0,122,Flakey,hadoop
"GETFILESTATUS MODIFYACLENTRIES createHttpFSServer rmAclUser1 dir getStatus /noACLs fs defSpec1  All the ACL-based PUT commands fail with ACL exceptions  default:user:glarch:r-x path user:bar:r-- aclUser2 aclspec=user::rwx, aclUser1 FileSystem get create write close REMOVEDEFAULTACL aclSpec  The normal status calls work as expected; GETACLSTATUS fails  /foo REMOVEACL REMOVEACLENTRIES user:foo:rw- ,other::--- os modAclSpec nnConf miniDfs testWithNoAcls , GETACLSTATUS user:foo: LISTSTATUS putCmd aclspec= startMiniDFS mkdirs remAclSpec aclGroup1 defUser1 SETACL group::r-- shutdown ",46,0,0,0,0,0,0,0,0,0,0,1,1,0,0,0,0,0,11,0,0,0,0,0,0,0,0,0,0,0,0,2,0,0,0,1,0,0,0,0,0,0,0,0,0,3,3,0,0,1,0,0,2,2,7,0,0,34,Flakey,hadoop
";  testGetEntitiesNoMatch serverPort URI http://localhost: assertNotNull createdtimeend=1425016502060 client create MediaType createClient metricfilters=metric7%20ge%200&isrelatedto=type1:tid1_1:tid1_2, type2:tid2_1%60&relatesto=flow:flow1&eventfilters=event_2,event_4 resp getResponse JettyUtils &infofilters=info2%20eq%203.5&createdtimestart=1425016502030& destroy assertEquals getEntity uri /ws/v2/ size entities getType timeline/clusters/cluster1/apps/app1/entities/app? toString ",15,0,3,0,0,0,0,0,0,0,0,0,0,0,0,0,0,0,1,1,0,0,0,0,0,0,0,0,0,0,0,1,0,0,0,1,0,0,0,0,0,0,0,0,0,1,1,0,1,1,0,0,0,0,0,0,0,11,Flakey,hadoop
in response based on entity created time. ;   Entities returned are based on most recent created time. serverPort URI  is left out due to limit Entities with id_1 and id_4 should have been present  http://localhost: assertTrue assertNotNull client create MediaType /ws/v2/timeline/ createClient app id_4 testGetEntitiesWithLimit resp newEntity getResponse JettyUtils destroy assertEquals getEntity uri /ws/v2/ contains size clusters/cluster1/apps/app1/entities/app?limit=3 entities getType toString timeline/clusters/cluster1/apps/app1/entities/app?limit=2 id_1 ,26,0,7,0,0,0,0,0,0,0,0,0,0,0,0,0,0,0,1,1,0,0,0,0,0,0,0,0,0,0,0,4,0,0,0,1,0,1,0,0,0,0,0,0,0,1,1,0,1,1,0,0,0,0,0,0,0,19,Flakey,hadoop
next validateAuthUserWithEntityUser user2Ugi is not allowed to view user1 assertFalse  incoming ugi is non-admin i.e user2Ugi asking for entity owner user1  only user2 entities are allowed to view iterator Assert YarnConfiguration assertTrue get  ?user.name as query params in REST end points. user2Ugi UserGroupInformation user1  admin is allowed to view other entities init user2 set manager getInfo testTimelineReaderManagerAclsWhenEnabled  incoming ugi is admin asking for entities start TimelineReaderWebServices  incoming ugi is admin asking for entity owner user1 user1Ugi is not allowed to view user2 assertEquals user1Ugi is not allowed to view user1 createRemoteUser createEntities  only user1 entities are allowed to view checkAccess userKey fail adminUser adminUgi size entities  false because ugi is null  incoming ugi is non-admin i.e user1Ugi asking for entity owner user2 user1Ugi config user setBoolean ,60,0,8,0,0,0,0,3,0,0,0,0,0,0,0,0,0,0,0,0,0,11,0,0,0,0,1,0,0,0,0,2,0,0,0,1,0,0,0,0,0,0,0,0,0,1,1,0,3,1,0,0,5,5,2,0,0,44,Flakey,hadoop
SELECT * FROM [oak:Unstructured] SQL2 custom getLogs hasItem assertEquals finished assertThat executeQuery singleQueryRun size OrderedIndex starting logs ,9,0,2,0,0,0,0,0,0,0,0,0,0,0,0,0,0,0,0,0,0,0,0,0,0,0,0,0,0,0,0,0,0,0,0,1,0,0,0,0,0,0,0,0,0,0,0,0,0,1,0,0,0,0,0,0,0,4,Flakey,jackrabbit-oak
"keytab_zk ugiInfo ZookeeperConfigOptions testUGILogin run getId acl ZOOKEEPER_REALM assertTrue ugi security is not enabled:  info UserGroupInformation getScheme LOG assertEquals ZOOKEEPER addSystemACL login is keytab based:  doAs isSecurityEnabled registrySecurity createSaslACLFromCurrentUser  now we are here, build a SASL ACL logged in as: {} loginUGI isFromKeytab ",19,0,4,0,0,0,0,0,0,0,0,0,1,0,0,0,0,0,0,0,0,2,0,0,0,0,0,0,0,0,0,2,0,0,0,2,0,1,0,0,0,0,0,0,0,2,2,0,4,1,0,0,0,0,0,0,0,21,Flakey,hadoop
CreateMode zkDelete /rm mkPath testRM verifyNotExists curatorService ,7,0,0,0,0,0,0,0,0,0,0,0,0,0,0,0,0,0,0,0,0,0,1,0,0,0,0,0,0,0,0,0,0,0,0,1,0,0,0,0,0,0,0,0,0,1,1,0,0,1,0,0,0,2,2,0,0,9,Flakey,hadoop
createClient testAbout resp getResponse about destroy Timeline Reader API assertEquals serverPort getEntity URI uri http://localhost: Assert getAbout assertNotNull create client /ws/v2/timeline/ ,13,0,2,0,0,0,0,0,0,1,0,0,0,0,0,0,0,0,1,1,0,0,0,0,0,0,0,0,0,0,0,0,0,0,0,1,0,0,0,0,0,0,0,0,0,1,1,0,1,1,0,0,0,0,0,0,0,10,Flakey,hadoop
"conn reader line HadoopUsersConfTestHelper createHttpFSServer /webhdfs/v1/foo?user.name={0}&op=instrumentation /webhdfs/v1?user.name={0}&op=instrumentation HttpURLConnection Assert assertTrue instrumentation nobody close getJettyURL MessageFormat openConnection format assertEquals getHadoopUsers readLine getInputStream url TestJettyHelper contains getResponseCode ""counters"":{ ",20,0,4,0,0,0,0,0,0,0,0,0,4,0,0,0,0,0,0,0,0,3,0,0,0,0,0,0,0,0,0,5,0,0,0,1,0,0,0,0,0,0,0,0,0,1,1,0,0,1,0,0,0,0,2,0,0,22,Flakey,hadoop
 FileStatus should not have snapshot enabled bit set conn setRequestMethod getHdfsConf assertFalse HadoopUsersConfTestHelper createHttpFSServer  FileStatus should have snapshot enabled bit set so far pathString delete path  Clean up Assert HttpURLConnection assertTrue  Should return HTTP_OK FileSystem get getFileStatus isSnapshotEnabled getJettyURL connect  Create a test directory allowSnapshot MessageFormat TestHdfsHelper openConnection toUri format assertEquals getHadoopUsers testDisallowSnapshot url PUT createDirWithHttp dfs  Allow snapshot TestJettyHelper  Send a request with DISALLOWSNAPSHOT API 700 /webhdfs/v1{0}?user.name={1}&op=DISALLOWSNAPSHOT getResponseCode /tmp/tmp-snap-disallow-test user ,28,0,3,0,0,0,0,0,0,0,0,0,2,0,0,0,0,0,0,0,0,1,0,0,0,0,0,0,0,0,0,2,0,0,0,1,0,1,0,0,0,0,0,0,0,1,1,0,0,1,0,0,1,1,2,0,0,17,Flakey,hadoop
"TEST_ATTEMPT_DIR_NAME domainLogInfo jsonFactory parseForStore getTdmWithMemStore  Load test data getLoginUser fs PluginStoreTestUtils TEST_BROKEN_FILE_NAME testLogInfo testParseBrokenEntity getUserName  Try parse, should not fail tdm objMapper config getTestRootPath close UserGroupInformation ",11,0,0,0,0,0,0,0,0,0,0,0,2,0,0,0,0,0,0,0,0,2,0,0,0,0,0,0,0,0,0,2,0,0,0,1,0,0,0,0,0,0,0,0,0,1,1,0,0,1,0,0,2,0,0,0,0,12,Flakey,hadoop
appattempts/app-attempt-2/containers Entity with container_2_2 should have been present in response. ;  timeline/clusters/cluster1/apps/app1/entities/YARN_CONTAINER testGetContainers serverPort URI Entity with container_2_1 should have been present in response. http://localhost:  for app-attempt1 1 container has run assertTrue assertNotNull client create MediaType createClient retrievedEntity container_1_1 resp newEntity getResponse container_2_2 JettyUtils container_2_1 destroy assertEquals  total 3 containers in a application. getEntity uri totalEntities /ws/v2/ Entity with container_1_1 should have been present in response. contains size entities getType timeline/clusters/cluster1/apps/app1/ appattempts/app-attempt-1/containers toString  for app-attempt2 2 containers has run TimelineEntityType ,42,0,16,0,0,0,0,0,0,0,0,0,0,0,0,0,0,0,1,1,0,2,0,0,0,0,2,0,0,0,0,9,0,0,0,1,0,0,0,0,0,0,0,0,0,1,1,0,1,1,0,0,0,0,0,0,0,36,Flakey,hadoop
columnName2Bytes conn value2Bytes value2  should have same effect as setting it to a high number column4 nonNumericRowKey3 column3 value4 nonNumericRowKey2 column2 value3  set number of cells to fetch per scanner next invocation rowKey2 getBytes put rowKey3 FlowRunTableRW Bytes value3Bytes setStartRow assertNotNull flowRunTable scanner addColumn testWriteScanBatchLimit rowKey3Bytes  we expect all back in one next call toBytes getTableName util size getTable addFamily nonNumericValue4 nonNumericValue3 nonNumericValue2 value4Bytes columnNameBytes getFamilyMap setBatch values nonNumericColumnName valueBytes result ConnectionFactory getConfiguration hbaseConf batchLimit assertTrue columnName4Bytes rowCount value BaseTableRW nonNumericValue rowKeyBytes column isEmpty  if scan batch is set sufficiently high FlowRunColumnFamily createConnection assertEquals nonNumericColumnName2 p nonNumericColumnName4 nonNumericColumnName3 nonNumericRowKey columnName3Bytes rowKey2Bytes rawCells getScanner rowKey ,118,0,19,0,0,19,0,0,0,0,0,0,0,0,0,0,0,0,0,0,0,4,2,0,0,0,2,0,0,0,0,7,0,0,0,1,0,0,0,0,0,0,0,0,0,1,1,0,0,1,0,0,0,1,0,0,0,58,Flakey,hadoop
testLogbackStatusPrinterPrintStreamIsRestoredToSystemOut getDeclaredField ps field setAccessible isSameAs get assertThat System out ,7,0,1,0,0,0,0,0,0,1,0,0,0,0,0,0,0,0,0,0,0,0,0,0,0,0,5,0,0,0,0,0,0,0,0,1,0,0,0,0,0,0,0,0,0,1,1,0,0,1,0,0,1,1,0,0,0,13,Flakey,dropwizard
entities/YARN_APPLICATION_ATTEMPT ;  serverPort URI http://localhost: assertTrue assertNotNull client create MediaType testGetAppAttempts createClient retrievedEntity timeline/clusters/cluster1/apps/app1/appattempts resp newEntity getResponse JettyUtils destroy app-attempt-1 assertEquals app-attempt-2 getEntity uri totalEntities /ws/v2/ Entity with app-attempt-2 should have been present in response. contains size timeline/clusters/cluster1/apps/app1/ entities getType toString TimelineEntityType ,29,0,11,0,0,0,0,0,0,0,0,0,0,0,0,0,0,0,1,1,0,0,0,0,0,0,2,0,0,0,0,6,0,0,0,1,0,0,0,0,0,0,0,0,0,1,1,0,1,1,0,0,0,0,0,0,0,26,Flakey,hadoop
"server getName getHdfsConf conf dir fs asList TestDirHelper Assert createHadoopConf /tmp/foo server.services StringUtils fileSystemExecutor get server.hadoop.filesystem.cache.purge.timeout join hadoop getFileSystemConfiguration init set getAbsolutePath TestHdfsHelper getTestDir hadoopConf destroy services , execute CommonConfigurationKeysPublic 0 fail fsa u mkdirs Arrays ",34,0,0,0,0,0,0,2,0,4,0,0,8,0,0,0,0,0,1,0,0,0,0,0,0,0,0,0,0,0,0,7,0,0,0,2,0,1,0,0,0,0,0,0,0,2,2,0,1,1,0,0,0,1,2,0,0,34,Flakey,hadoop
"init set manager assertFalse start TimelineReaderWebServices checkAccess Assert  filter is disabled, so should return false adminUser YarnConfiguration assertTrue  when acls are disabled, always return true testTimelineReaderManagerAclsWhenDisabled isDisplayEntityPerUserFilterEnabled config setBoolean ",12,0,2,0,0,0,0,0,0,0,0,0,0,0,0,0,0,0,0,0,0,0,0,0,0,0,0,0,0,0,0,1,0,0,0,1,0,2,0,0,0,0,0,0,0,1,1,0,0,1,0,0,1,2,2,0,0,14,Flakey,hadoop
;  getId serverPort URI http://localhost: assertNotNull client create MediaType createClient app testQueryWithoutCluster resp getResponse JettyUtils destroy assertEquals getEntity uri timeline/apps/app1/entities/app /ws/v2/ size getType entities timeline/apps/app1/entities/app/id_1 toString id_1 entity ,22,0,7,0,0,0,0,0,0,1,0,0,0,0,0,0,0,0,1,1,0,0,0,0,0,0,0,0,0,0,0,1,0,0,0,1,0,0,0,0,0,0,0,0,0,1,1,0,1,1,0,0,0,0,0,0,0,16,Flakey,hadoop
";  eventfilters=event_2,event_4 serverPort URI http://localhost: Entity with id_3 should have been present in response. assertTrue assertNotNull client create MediaType testGetEntitiesByEventFilters createClient app resp newEntity getResponse JettyUtils destroy assertEquals getEntity uri /ws/v2/ contains size entities getType timeline/clusters/cluster1/apps/app1/entities/app? toString id_3 ",16,0,4,0,0,0,0,0,0,0,0,0,0,0,0,0,0,0,1,1,0,0,0,0,0,0,0,0,0,0,0,2,0,0,0,1,0,0,0,0,0,0,0,0,0,1,1,0,1,1,0,0,0,0,0,0,0,13,Flakey,hadoop
conn setRequestMethod getHdfsConf assertFalse HadoopUsersConfTestHelper createHttpFSServer pathString delete path  Clean up Assert HttpURLConnection  Should return HTTP_OK assertTrue FileSystem get getFileStatus isSnapshotEnabled getJettyURL connect  Create a test directory MessageFormat TestHdfsHelper openConnection toUri format assertEquals getHadoopUsers /tmp/tmp-snap-allow-test url PUT createDirWithHttp dfs TestJettyHelper 700 getResponseCode testAllowSnapshot  FileStatus should have snapshot enabled bit unset by default  Send a request with ALLOWSNAPSHOT API user /webhdfs/v1{0}?user.name={1}&op=ALLOWSNAPSHOT  FileStatus should have snapshot enabled bit set ,26,0,3,0,0,0,0,0,0,0,0,1,2,0,0,0,0,0,0,0,0,1,0,0,0,0,0,0,0,0,0,2,0,0,0,1,0,1,0,0,0,0,0,0,0,1,1,0,0,1,0,0,1,1,2,0,0,18,Flakey,hadoop
";  serverPort URI  present in response timeline/clusters/cluster1/apps/app1/entities/app http://localhost: assertTrue assertNotNull client create MediaType createClient app id_4 resp newEntity getResponse JettyUtils destroy assertEquals getEntity uri /ws/v2/ contains Entities id_1, id_2, id_3 and id_4 should have been size entities getType toString testGetEntities id_1 id_3 id_2 ",16,0,4,0,0,0,0,0,0,0,0,0,0,0,0,0,0,0,1,1,0,0,0,0,0,0,0,0,0,0,0,5,0,0,0,1,0,0,0,0,0,0,0,0,0,1,1,0,1,1,0,0,0,0,0,0,0,16,Flakey,hadoop
";  getConfigs getMetrics getId serverPort URI http://localhost: assertNotNull client create MediaType  entity id, entity type and created time. timeline/clusters/cluster1/apps/app1/entities/app/id_1 createClient app resp getResponse JettyUtils destroy assertEquals getEntity uri /ws/v2/ testGetEntityDefaultView size getType toString id_1 getCreatedTime entity ",20,0,7,0,0,0,0,0,0,1,0,0,0,0,0,0,0,0,1,1,0,0,1,0,0,0,0,0,0,0,0,0,0,0,0,1,0,0,0,0,0,0,0,0,0,1,1,0,1,1,0,0,0,0,0,0,0,16,Flakey,hadoop
ContainerProvider hi CLOSED session ProgramaticErrorEndpoint getWorker connectToServer sendText getHostPort DefaultServer default Assert assertTrue getBasicRemote builder create getHostAddress Collections io-error addEndpoint getAsyncRemote c ServerEndpointConfig getWebSocketContainer app-error getMessage assertEquals getBufferPool / TestClassIntrospector ERROR: java.lang.RuntimeException configurator isOpen build forceClose : deployServlet ws:// testErrorHandling ,19,0,8,0,0,0,0,0,0,1,0,2,0,0,0,0,0,0,0,0,0,1,0,0,0,0,12,0,0,0,0,5,0,0,0,1,0,0,0,0,0,0,0,0,0,1,1,0,0,1,0,0,0,0,2,0,0,35,Flakey,undertow
scanForLogs  Verify multiple entities read getGetEntityToSummaryOps getTdmWithStore  Load data PluginStoreTestUtils allOf mainTestAppId numEntityReadBefore appLogs  Verify single entity read summaryLogEntityRead verifyTestEntities getStartTime AppState value UserGroupInformation  Verify metrics type_1 EnumSet mainTestAppDirPath assertEquals store getLoginUser parseSummaryLogs size entities getEntities tdm testSummaryRead config entity ,20,0,3,0,0,0,0,0,0,1,0,0,0,0,0,0,0,0,0,0,0,4,4,0,0,0,0,0,1,0,0,1,0,0,0,1,0,0,0,0,0,0,0,0,0,1,1,0,0,1,0,0,0,7,0,0,0,25,Flakey,hadoop
"server getName fs2 getHdfsConf fs1 conf dir asList TestDirHelper sleep Assert createHadoopConf /tmp/foo server.services StringUtils assertNotNull /tmp/foo2 get /tmp/foo1 server.hadoop.filesystem.cache.purge.timeout join hadoop getFileSystemConfiguration createFileSystem releaseFileSystem  should be same instance because of caching init fileSystemCache set  still around because of caching getAbsolutePath TestHdfsHelper getTestDir hadoopConf destroy assertEquals services ,  should not be around as lease count is 0 Thread CommonConfigurationKeysPublic 1 fail server.hadoop.filesystem.cache.purge.frequency u mkdirs Arrays  still around because of lease count is 1 (fs2 is out) ",46,0,2,0,0,0,0,2,0,4,0,0,13,0,0,0,0,0,1,1,0,0,0,0,0,0,0,0,0,0,0,8,0,0,0,1,0,0,0,0,0,0,0,0,0,1,1,0,2,1,0,0,0,0,2,0,0,39,Flakey,hadoop
